temperature,humidity,ph,rainfall,label
18.886004296796173,84.44336545337605,7.097512199247945,231.75620476092172,Almonds
20.206119527112108,75.81498052234356,5.846183926536753,225.4848582459642,Almonds
23.982252940637395,86.229678511893,7.316913667970233,289.80728790206666,Almonds
25.356631142391898,79.76380192891675,5.851611717040701,210.14031210580814,Almonds
27.983475113929497,75.00202039506728,6.5116197266972575,281.3054790343372,Almonds
27.33113331343558,82.66693708855844,5.928525894442996,238.0824687011285,Almonds
24.425651995351917,75.70277862791404,7.576220941073108,241.6914531061512,Almonds
22.212480532940717,79.1425433673135,6.1187563415084565,217.01619377873809,Almonds
24.36177364708233,85.60464731183575,6.6755781195640775,248.76506407428192,Almonds
25.85651618080232,75.94034432432798,8.187024332856334,219.0253435531453,Almonds
19.183361909233874,87.59007738534004,6.112949150196911,184.7123297089983,Anise
22.099048896962884,75.05729883987873,7.023415191876338,212.63983264132276,Anise
26.39802285635617,78.70235803802855,6.757814983498067,180.7654852087909,Anise
21.83832951933044,86.11356084228106,5.554372123137188,297.4025744468228,Anise
23.718722712271862,79.7440522459396,7.878274340718439,295.8896651783697,Anise
23.877693608621982,76.5283858209902,5.707137718943798,227.4186356966766,Anise
19.844762531336393,80.40350878200641,6.9227650629308615,267.40450252075755,Anise
21.622354416522885,79.05589929576789,7.182034884816849,221.49673180925097,Anise
21.34511288741932,87.64067853240832,7.3852793698437615,260.53117885031713,Anise
18.26196708532065,79.70021876377714,7.565894887923625,276.6516051655175,Anise
18.24191763891355,86.83398707664011,6.2598171505681455,293.61074936306886,Apples
26.31697043675773,88.378082172161,5.529936329975348,228.02547310196064,Apples
20.73070809972813,81.50726129364794,7.670330987064736,273.99575795472566,Apples
23.18078766238816,88.64914715781588,7.106969798042734,211.91141407585425,Apples
20.98725573588773,80.65977080944789,8.008353109621746,298.8398764552378,Apples
27.40679245115341,89.46117624735163,7.964165088702082,183.0923518517221,Apples
20.592967588657736,76.3393428678836,8.02997850336365,252.42345678013456,Apples
22.29656812738935,85.30528899754864,6.9552839799386215,259.14071779815924,Apples
26.72730250484602,82.40721060685394,6.5008851875105975,262.5654668488954,Apples
26.41933566791809,80.8147320818347,7.87467460777411,194.4465094546907,Apples
19.86101417846277,84.49067818122901,6.8538823390877655,292.62357401677565,Apricots
26.026433097957106,85.55785637451497,6.050326589210304,201.74199348601,Apricots
22.58186886737893,75.06544904475463,8.064922058684424,254.73040838878086,Apricots
22.829688720853554,77.50429633120798,8.147679630317041,206.7211294947702,Apricots
19.334799724159442,85.69569075951478,6.8989292684205115,216.86597004255248,Apricots
18.806015137571247,84.99578120367309,5.727099181929362,245.5750250073749,Apricots
25.279393069737647,89.49071257693016,6.663478269750795,230.06321022774918,Apricots
22.964611523553,86.41556685376175,7.91061297838781,199.22707211718074,Apricots
22.3685070261518,89.26159061597008,8.205322085638686,200.51236829050183,Apricots
25.295082286523968,85.53810752302209,6.1104182274927865,230.17737457953598,Apricots
25.655128989911102,79.47078312959165,5.700920836075815,270.8739573930601,Artichokes
19.58908167669353,76.58047383376285,8.132051359398517,287.75575762173463,Artichokes
24.10225149477641,86.72735795017404,6.668214816936627,190.09531947112598,Artichokes
19.353540822776857,84.66223832213873,7.12528289280269,227.1724689071281,Artichokes
25.51375086029045,75.72279018589944,8.404197436152277,192.0294676467452,Artichokes
24.5695515626714,80.40075698851467,5.699694183742667,181.99109767591176,Artichokes
27.566146210834578,89.3519972322643,7.444954022356288,259.4062419172748,Artichokes
18.68958016356421,82.50601718565302,5.722316267724601,252.29393303599053,Artichokes
18.570547211512547,81.49093704029556,6.626406785399501,199.56229365778637,Artichokes
20.821870746932,81.8654940773894,7.911443635580341,208.05753997116767,Artichokes
20.61705683735906,78.13324086007746,6.800416698266902,182.84493043734219,Asparagus
20.46978799072,80.53060756297192,8.49154706170885,280.19366468332845,Asparagus
27.06254580521037,80.54719883980765,7.177177854839806,296.9628715258262,Asparagus
20.49546199849506,75.78532530281208,6.4634864579078615,196.2551444153629,Asparagus
20.71949726128631,86.51351442776877,6.1603339777142585,207.77702565183574,Asparagus
25.593982624179638,81.24756647855818,6.551561602858485,284.2091428736321,Asparagus
22.497398424505402,87.33269830224634,6.6175998212786515,291.1756557547422,Asparagus
25.767105569551806,87.75522001679843,5.706141033171883,230.35528593681724,Asparagus
18.65366157564385,78.17991082047988,6.608722598280321,186.0746966722889,Asparagus
22.875711936733843,84.86030223255193,6.892715559217675,184.7270200431384,Asparagus
18.336136001832827,82.08422706244474,7.668213256716413,248.87398392828126,Avocados
18.62653203455355,88.2023510688223,7.4701884541648225,227.14741306718147,Avocados
27.06437453344411,78.23611018764682,7.626296965687463,183.43829130931854,Avocados
19.392453711175953,85.16719800465066,5.525091045630572,249.99028707750682,Avocados
23.32420682275217,84.11628183379085,6.153002198741608,181.35630439068268,Avocados
22.110956026007067,79.42952216357747,7.4850528651995685,274.48463497791283,Avocados
21.473433262588426,77.04901355476758,6.951968104539242,216.7719387244046,Avocados
26.998333456872725,84.77459640715915,5.515940427005038,184.83096036110783,Avocados
18.21823396775489,86.07896187198496,7.913483927295466,250.6022665179784,Avocados
24.63789686175589,79.73441015645025,7.818428719871013,227.72212973196656,Avocados
27.633944342135507,84.6724890603347,7.145257488980688,296.85604960285787,Badian
23.601681834618415,80.92696361417255,5.699389977328817,245.3038395004443,Badian
27.36822462033092,85.69810324923927,7.799545148597754,213.028701724441,Badian
18.522578792860237,77.9882291234108,7.251140763194092,265.13266375607697,Badian
22.187933190741614,88.35322503954262,7.845879931473878,212.5790403051254,Badian
20.601577909620516,79.31114394698369,7.755240977187522,288.5091949689078,Badian
25.308209649807296,80.5167898163423,7.909006215873512,224.9666364608852,Badian
27.812970904972467,75.87137928120525,7.054024199213874,245.9842275331446,Badian
20.56530062444248,76.67268318481915,5.920973554580545,186.06877245890743,Badian
24.54174601474075,82.73792854068492,7.513472420139066,231.1345485542677,Badian
19.9809763275974,79.01389015091956,7.361421355155913,279.88362475931945,Barley
23.653302545716095,87.53220338613292,7.726759561597261,276.67785664360105,Barley
22.639324866883364,75.22040082982431,6.009643018152206,206.91822706242317,Barley
27.72005329631537,80.68641073007905,6.084925599700867,207.12948852126755,Barley
24.085272726964675,80.06018320153639,8.171228551657986,278.0766374655884,Barley
21.495063720868192,75.28991446376402,7.749933395356213,291.64781042031905,Barley
19.14095784887933,76.86552598500766,8.224685466100969,191.44331055276044,Barley
19.512468287349343,81.20464012377954,7.776145963491762,234.00703673114705,Barley
20.25316929951235,82.3929687667117,7.291465917970905,220.49451347570752,Barley
20.50966661340298,81.06434620882305,7.462398211083621,284.4826146548927,Barley
26.50616057841138,82.9640651761814,8.167383771820031,190.02298976160225,Beans
23.612227882825252,83.92697512358521,7.236420263535821,205.33511310696446,Beans
23.233909113743664,75.14885731691753,7.397173972985161,270.2962005103793,Beans
19.147688718692173,81.96142739180256,5.969430148010802,186.15526187774586,Beans
26.601396933494353,89.4524886133138,6.921763660348308,239.10424568571472,Beans
25.22814303208484,82.78548420194323,7.649191335874297,233.05284416156638,Beans
18.676683619000016,85.1631340118843,6.312828094949096,220.12814147864984,Beans
25.078350972297685,79.67795786875325,6.1067625415736035,227.34867783827085,Beans
23.43538217342646,86.60987067229144,6.441480424673246,243.59287043162797,Beans
18.817253457467785,86.59382222814173,6.2245018839785,199.364083006606,Beans
22.583006415286565,82.8194407148121,6.144737911109187,248.63950539403115,Beans green
22.84696287130047,89.64020734918819,6.774552528604262,276.6518795159984,Beans green
19.657745401632763,76.8832532214398,8.223515541650603,271.21931157481913,Beans green
27.456981470002823,75.25421497334372,7.021178940216155,198.46798856325282,Beans green
26.499753714806623,86.55237317635643,6.063761142445968,197.90993636897687,Beans green
24.690223373291087,87.10733306047324,5.730915008142621,212.1809241293896,Beans green
22.622955610006073,76.80310843680864,7.588468435413777,223.32896716092446,Beans green
22.117655415845086,78.98374249437909,6.6483962933091645,229.01466976901798,Beans green
24.509734671509538,75.26328545049944,7.965492839756077,261.56366602000145,Beans green
23.454318694069052,79.39962916170849,7.478532305922312,186.80165185990023,Beans green
18.622731058818854,86.59712810878005,7.888724351624107,184.16072450712795,Berries nes
23.12502648770332,82.76940791568869,6.315838118255347,227.02926755326908,Berries nes
26.064036172328397,80.2214338975243,7.577076767383174,263.6596430565577,Berries nes
22.592398775969578,80.57608942359495,6.292185954081156,203.2122411547779,Berries nes
18.519565775542684,75.02030438573202,8.317205438350875,256.9805377507502,Berries nes
25.862781993840326,79.49700791347854,7.409122844600122,211.17937655283595,Berries nes
20.013637821359747,84.69688112456895,6.4735354005260275,286.33033305762194,Berries nes
20.586208348880387,89.61291665724535,6.308535586876818,287.48279331199404,Berries nes
19.64706353432296,87.7059124047585,6.072779755214929,215.6744645137592,Berries nes
21.30215064871497,75.35392446968294,7.583922876681184,207.5992504755889,Berries nes
25.567515056886354,88.47840907012258,6.156146838993782,229.35647664794774,Broad Beans
23.193858595039373,86.74797619947937,7.285909797782468,208.86379022161785,Broad Beans
20.04881274150713,86.7056418535647,6.293905080776073,260.6860611950044,Broad Beans
26.77830078152041,81.86993638505358,7.485906834381605,279.12776214579424,Broad Beans
26.79581854951529,80.97007939431755,7.9448191856216175,260.77105570934606,Broad Beans
26.70578425046007,79.5437359324979,7.834075729433959,278.9220536699219,Broad Beans
20.38796211381539,75.98542288431548,7.782553992792345,227.6390594648969,Broad Beans
22.512393441809877,78.42353045240549,6.0631672170767565,198.7580364850633,Broad Beans
27.849896561408748,78.69905452467037,5.7651548409535565,268.55411368771104,Broad Beans
25.720124763099903,82.26115604565302,7.596846485462158,223.25694061698647,Broad Beans
18.2716742122556,86.21166609895043,6.605041641383054,260.5524990274959,Cabbages and other brassicas
18.652045912604923,82.1071474259692,6.797038679210043,212.4772730378119,Cabbages and other brassicas
22.639313768123326,75.86766674170741,5.593447278380173,189.74755617680069,Cabbages and other brassicas
27.092202058615605,89.36684701482305,6.278729347825147,299.1098154585316,Cabbages and other brassicas
23.387017979527144,89.14086478641168,5.601029211623392,198.7441809516719,Cabbages and other brassicas
22.97812508034291,86.77784314722612,8.137557317803742,298.61051927561766,Cabbages and other brassicas
19.054736999566305,89.86991852346331,6.230190049655591,297.2735919079737,Cabbages and other brassicas
24.56780104724294,83.16723499200394,7.172011508719024,275.25817246896474,Cabbages and other brassicas
26.221031606002253,89.44152525379809,5.616937961983391,259.1307554498397,Cabbages and other brassicas
21.804200075075627,76.13407560925125,7.500542173916974,249.33684603013015,Cabbages and other brassicas
25.756118509253284,80.48521122392056,6.4690820372622815,283.93218544534017,Carobs
27.64476653900812,78.38071902010148,8.193757560872998,214.73274259433856,Carobs
20.03766459127689,77.93749626201405,8.164354566802107,236.12174549818522,Carobs
23.233296311947413,77.11204423339014,6.475871855085241,254.32679632398026,Carobs
20.871379580845755,84.33620462348995,8.202882687071401,229.34285710433886,Carobs
25.928544190338393,86.71982783620956,8.488473020496336,231.29837449083215,Carobs
23.77593365881157,83.67447599130541,7.976246992371844,219.63416010025014,Carobs
24.34582417550304,77.20444064382316,8.034614043265687,247.7078180021444,Carobs
25.979141596158943,87.16685654900206,6.247026208327269,282.06894336181387,Carobs
21.959704726624548,84.53932060745592,7.230107196573268,204.18340536075755,Carobs
27.15090068407043,80.82248559190494,5.701767741902104,292.13196465041295,Carrots and turnips
23.3302886724614,85.11195443304095,5.784753810465009,262.69051844978753,Carrots and turnips
19.57954822835348,78.8985746886425,8.496677836099872,278.7927855216036,Carrots and turnips
24.958991181688024,80.17788312741315,6.479917748277732,246.74288311560142,Carrots and turnips
25.932613504382548,88.76228764697987,7.74455173614654,273.5420041708876,Carrots and turnips
21.167616770675266,79.35756758507132,7.919995159080449,181.94404768073608,Carrots and turnips
26.57179256998753,82.04982402236905,8.074069813021687,278.2056509735442,Carrots and turnips
27.061432547657667,88.35211706094023,8.492884892206469,184.816663090244,Carrots and turnips
20.76904487377809,85.61582025401292,6.224489455770604,286.7896051635435,Carrots and turnips
27.83521472715222,75.93304839247055,5.621052480579099,299.0355296686372,Carrots and turnips
19.407115280487584,77.20954566418456,6.7335745539837575,215.28809546121332,Cauliflowers and broccoli
20.020156684024897,75.11762386157875,5.8902420094868395,205.23822675429523,Cauliflowers and broccoli
19.842248392380267,84.46382685343745,5.567277667486166,271.8436036629649,Cauliflowers and broccoli
26.939897100078703,81.71510138115626,6.581280481424457,210.36316091043042,Cauliflowers and broccoli
24.54292552324961,77.01412276353413,7.851214753225709,283.86748598066436,Cauliflowers and broccoli
19.52104283222273,89.36901181585155,7.198542073675213,192.34111105889718,Cauliflowers and broccoli
22.403234183683487,82.9448958591843,6.438333967631063,195.114623565523,Cauliflowers and broccoli
24.152980250698022,78.62839941169334,7.4630260164781586,297.4981866120739,Cauliflowers and broccoli
18.834640849893837,82.50905356732062,6.196054540926433,260.8606677924006,Cauliflowers and broccoli
26.82416368407339,85.19430499102661,5.543144338216255,281.6264669314744,Cauliflowers and broccoli
26.036035354415354,76.14358826960347,7.793060159309282,218.91952528218215,Cereals
23.052067735766386,79.1205572257184,7.371229254592028,261.1780499424725,Cereals
27.671266152591706,87.1044823632599,7.78690787350288,251.30901927703167,Cereals
22.177609792751003,81.89497305603993,5.616814050062997,252.3780144147536,Cereals
27.841103190364976,83.19865713048442,8.011358883491956,261.9038951445266,Cereals
24.67919998803627,81.49224003314204,7.35857860010891,249.04310077549184,Cereals
24.346712732539416,75.65849913964506,7.1901860521379195,231.48748431631992,Cereals
19.659548952957852,77.48624669730233,7.373842144343595,213.1107233256656,Cereals
26.819277583046443,81.68312458112838,8.093299740605094,272.22975970958424,Cereals
22.274896879206157,78.13778198111892,7.260809519676721,207.15269160038238,Cereals
19.622334057824798,75.7496854298952,7.242851139664537,263.0825167385297,Cereals nes
18.12607519975759,87.65474496077734,8.472037471197298,207.9999387179192,Cereals nes
23.597556836383824,89.71788793746174,7.770190501205704,255.03962039453447,Cereals nes
23.273996221226763,86.8971431099511,6.826881416353405,269.64939205548353,Cereals nes
25.19353622369159,87.80677382556999,7.622191000098783,206.24566666878468,Cereals nes
26.902580530178017,78.62965695475567,6.667691415075367,187.193196103357,Cereals nes
18.794065846430296,89.409404632698,6.186626387450497,195.71684915930092,Cereals nes
25.314964903403627,77.95388556680143,7.290555630663277,252.71963607252303,Cereals nes
19.87411944097582,89.27144715542748,8.284546294341855,281.93356874708826,Cereals nes
26.581770531571642,89.92228940948927,8.287418560046389,185.3996185482509,Cereals nes
26.190635138616557,85.67584208619074,6.525715834316472,268.09815108499754,Cherries
23.407937549855447,89.71715597687735,7.083032398665085,220.95823751400627,Cherries
25.10242798623312,83.54309669350657,6.1349076957095825,237.42340439034268,Cherries
21.14350113183748,78.89312674764136,8.48689332849665,291.46314598146785,Cherries
22.711678989328146,81.55493828498432,8.443353723603806,219.83658056830143,Cherries
26.216368977104715,83.9034140306818,7.448526789122343,235.84043207273837,Cherries
22.59265197173214,76.09622343040523,7.91324217903242,181.6418897712817,Cherries
21.577982653254413,84.3351489692587,7.645300483851099,189.7918464005806,Cherries
22.942124472503,89.71766755143442,7.2794746571184055,211.03099093617408,Cherries
26.28249252437218,77.8516147467559,5.6600439909666935,183.3422688985289,Cherries
21.352080473708728,86.88892674432573,6.8642930276579825,255.7650391257901,Chick peas
19.737615931357443,88.6184819066943,7.524358906502233,231.1678028161947,Chick peas
25.120140203307805,89.15552389230331,7.532594841651053,245.77742432736264,Chick peas
26.259782127080822,89.4020340660817,6.619367855267152,200.95766230755956,Chick peas
19.00637478523533,82.82189458082208,8.325075959974091,215.51184353239395,Chick peas
20.39874112755945,89.65961861987257,6.002071096710344,259.658936982327,Chick peas
19.419719897609934,86.35965310701658,7.001078338646683,295.836326835648,Chick peas
21.479414115821662,77.42507154355442,7.572651929652468,186.05001283226508,Chick peas
22.503509789054128,82.15350159701956,7.591407417675427,286.84611850263195,Chick peas
25.488263369633064,85.77496763058006,7.445916870306448,249.22574415734505,Chick peas
24.511475848816737,78.71010473728623,6.32586464035558,247.67034801067487,Chillies
24.209285674784308,84.60922775323331,5.968619706059866,240.03342422493125,Chillies
21.52374946609655,84.99900718569928,7.407820980480134,188.327290308502,Chillies
26.414475530847604,77.44049615712849,7.297906348418312,190.78522220833932,Chillies
22.712871673981642,83.47627968679134,6.0380680308677235,252.1094406790903,Chillies
27.79104938015155,86.57440366467911,7.615417436711691,220.915028572267,Chillies
24.34142138295737,82.48343496803912,6.865515975200969,290.07216798932166,Chillies
19.262647415645027,75.18154675164159,7.50328177480946,228.79086448313663,Chillies
24.761775620754342,75.13557703618939,8.012101239310452,197.1937750443169,Chillies
21.25104015431699,80.35544015955018,6.009185285730768,265.7662600202443,Chillies
24.863271966860967,88.89291102647672,5.55743460399051,215.20241057292117,Clementines
18.696411481624054,78.43015169405413,7.83730775918736,243.05643688270717,Clementines
19.748814371759593,84.51545533307531,7.329092275457847,263.73993426062043,Clementines
26.557372589057866,78.33113806039981,7.598918708866365,288.03169334424837,Clementines
20.27179557023515,79.82504984489323,8.014464924965928,275.0629433762012,Clementines
26.3704112524294,87.72063134402225,7.908432804473501,261.1633281447269,Clementines
20.792760884544105,85.93292163404921,8.382760440786473,261.5559818874173,Clementines
24.428819100587077,76.43098915969816,7.107805236556356,293.51095728385036,Clementines
24.94150573509831,81.4305303147965,6.965486897979716,215.4988916995844,Clementines
23.12654753145053,75.43754645467897,6.70566159967219,180.13345130354253,Clementines
21.053106766967314,82.21335219904512,5.961073128532614,212.63454712778386,Cranberries
20.126443763710963,84.93651017551602,7.217821698646067,206.14696555520928,Cranberries
18.33189354562426,76.77753935397226,6.3310375729779365,259.4201502136798,Cranberries
21.039464012407237,79.33327408363749,8.263922536638926,256.04539197186347,Cranberries
24.531627905312828,80.96754938253234,7.249572412831293,251.21536592456687,Cranberries
27.38304818448483,88.79296536984073,7.2785205415243315,181.94921318513443,Cranberries
26.71204482263052,89.89882523134445,6.5647739826310305,267.4533665340777,Cranberries
25.660647765353023,75.67366948493424,5.655968055933123,218.82364949825902,Cranberries
25.88447343253298,86.41511885243088,5.595231296118967,259.80671868079565,Cranberries
24.649849034759956,80.57586099603516,6.770005432459593,246.7894114202584,Cranberries
20.602868575660032,80.88687279344221,5.7536961342917134,221.12771105134883,Cucumbers and gherkins
27.071950307058295,86.31397460020534,7.3205408666204175,196.14915205249287,Cucumbers and gherkins
24.70732311905834,88.77639648218113,8.142919016918972,191.3302677192577,Cucumbers and gherkins
23.604406309804396,89.26392891753822,8.148744449556165,279.78219997346685,Cucumbers and gherkins
19.10989469213481,83.65683879057481,7.477136230396698,290.20770504978697,Cucumbers and gherkins
22.470555438064245,80.35681738950755,6.1336954944187925,257.97456561171595,Cucumbers and gherkins
22.60358271201926,86.8132362878817,8.088990494076615,192.41209378325803,Cucumbers and gherkins
26.6456360952267,78.7650207489345,8.158280305939622,228.24326602658886,Cucumbers and gherkins
23.466482201877884,83.46111043250276,6.089960754858876,267.47270401261886,Cucumbers and gherkins
21.804005489704092,80.3786769228731,7.712278257312032,273.57850608120816,Cucumbers and gherkins
27.76800328510659,84.84946610561815,6.35955864678137,194.1862346749306,Dates
19.10720593326316,78.60598369340259,7.907920937058789,180.00368626144592,Dates
22.22548428311945,77.87389418602238,8.491713699710807,265.4564455056726,Dates
18.42024675171405,88.77358630013157,5.590078015988178,222.7915411183447,Dates
25.399041207669306,76.52705524424306,8.192097597372795,210.53775979419126,Dates
27.18076552199151,82.58936861602399,7.367891600795973,181.54769637474305,Dates
20.80037329550489,78.31279174444515,8.420147857494463,244.83592881138,Dates
26.58341676799121,75.58394944988501,6.895028552579283,282.13808825111784,Dates
20.922182304618982,75.54028227437139,8.04216379171412,294.91579755271056,Dates
27.107701616439147,77.62832658158742,5.687182205794832,247.8893940735947,Dates
25.539619035967842,88.00155531759,6.505837150234887,241.7353593287873,Eggplants (aubergines)
26.04906776841439,79.23718115965539,5.70104961325363,190.2067662587089,Eggplants (aubergines)
18.180065556004546,89.25688755862943,8.426029400437214,245.86473618511195,Eggplants (aubergines)
27.62810357074025,83.72433439483791,7.95092172181551,225.5974894758473,Eggplants (aubergines)
25.26670992070323,81.54921284653149,8.057642263737911,252.85623370602923,Eggplants (aubergines)
21.04751095386133,83.7013325200418,8.313895694301683,226.6471617451856,Eggplants (aubergines)
26.293946648588467,82.75047577839402,5.7553104583593555,208.835894814044,Eggplants (aubergines)
20.8152119841493,86.38164380635988,6.656792777540001,191.39583302740522,Eggplants (aubergines)
26.727538395661284,79.23744098959278,5.713104667132006,217.7902133506675,Eggplants (aubergines)
19.12580390411937,80.29575587400454,6.132379304650086,191.5973801145303,Eggplants (aubergines)
25.036859774607958,88.41141453799877,6.188097331113018,201.2276340988781,Fennel
23.406984766449103,89.19684769725609,6.907321633142736,298.4803390295455,Fennel
18.965344701954404,88.38837341229711,6.305686502360928,233.29242682879425,Fennel
20.418938282588392,81.2917199093597,5.802934320453282,243.824611980602,Fennel
18.124040362773147,86.70548254510322,6.002473267282323,284.8342234484659,Fennel
22.687679654645056,82.14503599951648,5.941826690656272,299.4682680588825,Fennel
21.012652607600003,82.46309778219154,8.419230393736894,249.92573392136174,Fennel
23.98357484297759,78.07020163585928,7.777877520755421,277.4968585253006,Fennel
20.972378077086173,83.86695454887773,8.403284395808686,219.23292292040105,Fennel
20.999191115069852,77.7920384663002,6.8192214595237255,216.68927489367488,Fennel
25.431931987316037,79.97347048600791,6.33510544498797,228.3244465193472,Fibre Crops Primary
18.481428359783536,87.82545302429901,7.89487959162756,260.7008715208379,Fibre Crops Primary
27.02894995191987,78.10613713816281,6.478761754123441,261.86300271061185,Fibre Crops Primary
26.52263874391181,76.06737427760147,6.3981501211160445,217.82873215793413,Fibre Crops Primary
24.678046832264066,76.03511388919225,6.1975179766234945,195.98519089639547,Fibre Crops Primary
23.932215701073844,89.11176780754661,5.889036934672706,255.887550775861,Fibre Crops Primary
26.923024981396523,82.60380656942752,6.269389183050298,195.3991034626517,Fibre Crops Primary
19.853301795287145,81.14118107725527,6.565959245421662,249.4191009875196,Fibre Crops Primary
18.78969162190829,87.16317871511879,7.521982624437191,263.21065536675707,Fibre Crops Primary
20.395101699095378,87.53738891865774,5.687694526658355,264.0733795673342,Fibre Crops Primary
25.945782787001907,79.98286549673406,6.1315208189960275,270.4166532791516,Figs
18.346702667264832,85.40427086210693,7.927070920875028,284.74313058787976,Figs
23.828068350834894,86.5668422377783,5.940765770751313,239.9950790357746,Figs
27.9543751619131,84.81976030298931,6.527935439567566,267.62990274354854,Figs
26.556960938375397,77.27392612200148,8.093976765574421,254.3007282439004,Figs
23.21445689043589,88.13824625275585,5.964775933430327,202.3967927757219,Figs
18.636409092866426,83.08641829104012,5.748210506854568,183.08275738432894,Figs
26.313735143857095,79.23708639555005,6.9536139852400325,214.14496628123212,Figs
23.989785081772105,81.3784227815654,6.407258533835609,233.16404476051437,Figs
19.149329970595673,75.56356635598361,7.190225093451562,254.05271333143875,Figs
18.93857284823356,76.91800201833627,7.911414671450426,281.99511966038466,Fruit Primary
27.09626819436593,86.48320125773792,5.911445464458231,203.54948600473992,Fruit Primary
24.692002629380784,75.00017452133048,7.242097253662855,195.06597478781728,Fruit Primary
26.292867993167555,81.24848742723437,7.0165262811695905,295.6175936969193,Fruit Primary
26.789789002822676,82.83765271628383,5.932236358039599,192.96534712516885,Fruit Primary
23.717723520483226,75.81951630001458,7.371995456586948,237.4189284128627,Fruit Primary
23.17446351755041,89.596172444585,6.3209212535823145,250.26764745519625,Fruit Primary
22.304274103209906,78.39187996874506,6.963502955632037,244.9649305088926,Fruit Primary
21.169465877911197,79.56298079454422,5.746816972831184,190.32385884395316,Fruit Primary
22.345959608587112,79.55913768382541,6.878752171640869,186.8432296804343,Fruit Primary
25.73879655730156,78.45624993176025,6.419390404128461,192.65801129532431,Garlic
24.019234310151315,75.02210733129469,7.967143633556062,250.2705220647135,Garlic
26.925232899548458,85.94017191131996,5.670936180992105,245.32138651611854,Garlic
22.43380014379188,89.5026824969893,6.755821824754991,208.0488950444093,Garlic
24.07089578718754,78.36440224927567,6.875294272394314,256.532897021471,Garlic
24.31307553091989,84.94570787705132,7.675018228897357,278.4081002466779,Garlic
23.91697162306325,86.12844490438074,7.222862725270632,184.98947518159127,Garlic
25.02633773085516,87.72638068635788,7.501637011582543,239.77559322576508,Garlic
20.374334683748067,81.33943795520412,7.831147856955267,262.71724945232285,Garlic
23.12363777545791,79.54396358460644,8.086608920974568,210.27743124836246,Garlic
19.04224802808348,79.87942701034547,6.441626490167412,216.93250863517792,Grapefruit
21.845113276448124,85.68931999647769,7.1140681160917065,253.6365483587261,Grapefruit
22.876670686212645,87.25169199758456,8.020324235317599,287.75223521324835,Grapefruit
24.522242595454728,77.72420951634903,8.468353392895171,277.1909304363479,Grapefruit
27.50531052586204,80.56411512236647,8.16855793313129,249.97562629195,Grapefruit
24.00651066548356,88.52910295123726,6.61440178787313,267.6266061308699,Grapefruit
25.4359391617656,87.10040279542109,6.085499551655952,223.77869642493584,Grapefruit
23.062660594952032,89.77287604143714,6.968177612219766,256.9158633718509,Grapefruit
24.34104031376332,86.3137238952312,7.724924355508128,235.94179093530684,Grapefruit
18.709322161337735,80.89792801541884,6.977707212259892,202.7923363749073,Grapefruit
20.54391580841847,83.85956750991957,6.9495425899410055,264.20859286527093,Grapes
21.618530932051385,84.91521381370981,8.014691263245401,246.77575648185862,Grapes
22.72493355006513,76.17683724475684,6.584211337201558,223.03458983443096,Grapes
18.45648745502384,83.16745438655799,8.079384024434937,289.3607028094357,Grapes
19.400240975533176,85.63981242708914,6.7204144028551696,182.512094139208,Grapes
20.76814307791306,77.50981956001591,6.484699317035017,217.89277814993955,Grapes
27.71532690901051,86.70947576138336,6.861969733599098,186.8257677333176,Grapes
21.313470071030512,83.75659170771169,7.787340876024605,271.98327794659525,Grapes
22.820410581120825,89.2833267854639,5.878006083591982,264.2528944936551,Grapes
19.96097712738393,75.63633447310337,6.089257647616052,219.7622662483581,Grapes
24.107800710757683,78.979892063332,8.354334476989276,261.0795482648488,Hazelnuts
20.806832155159746,84.02330818949736,6.026474882144072,227.512467143514,Hazelnuts
20.069925784384264,79.44839868308895,7.203181953793164,270.7504549706921,Hazelnuts
23.16572628445979,85.71636246106863,7.237943399985813,234.50203952840474,Hazelnuts
18.055057991604208,86.38507923782896,6.968873386150736,229.47356733979987,Hazelnuts
18.076640326492253,76.53773946099713,7.434235745730456,292.1675898585961,Hazelnuts
20.19068809101858,82.70781696310151,6.189480177392856,210.10549198688403,Hazelnuts
18.367213625008205,82.63335833386584,7.157986803330243,194.45368079958786,Hazelnuts
19.080257541306914,80.53921155323313,6.6165197657406924,250.14517359113498,Hazelnuts
21.38860649338752,88.99387293854508,7.485001778887567,296.3186174741015,Hazelnuts
26.02585679579813,87.41259479809834,5.923670630119449,225.3407056472624,Horse beans
23.72048643369301,85.45814072864454,7.212632250518428,187.44441163545375,Horse beans
23.126677259564165,85.71489953602496,6.055811066149971,220.7166320771481,Horse beans
20.934888232081214,81.9257421571968,6.3359291893451095,240.71179851834702,Horse beans
27.317537194328164,88.81491781644863,6.15612940097075,199.43076079586564,Horse beans
21.97015041237191,85.41893140879928,6.048513339606451,258.97226616677904,Horse beans
18.87092766795772,85.93471592483725,7.977132854682001,299.72992668122413,Horse beans
24.17066516117801,87.92536355681018,6.357122702982672,234.2087371177733,Horse beans
19.13838393476601,79.11107384013286,8.281371345593348,222.5674268076255,Horse beans
21.452231428016926,87.10606355800054,8.409779576035572,228.084500020136,Horse beans
23.074119387178094,77.92860904434737,7.2137814098112925,193.81754140742413,Kiwi fruit
26.742225246851763,80.18012928367331,5.929003367997179,285.9928321711469,Kiwi fruit
22.935465803401183,80.03415681404762,6.623644730138744,229.77907866256226,Kiwi fruit
25.02258766031664,89.67788202583709,7.893196790044643,226.47292937098092,Kiwi fruit
27.928168389990702,87.84805835621891,6.602172186091211,259.16283275165694,Kiwi fruit
19.31489119897981,85.5175479238539,5.761051654908366,233.04401051173485,Kiwi fruit
20.747315255195197,85.90585142423085,7.1703547327845625,257.78801625694155,Kiwi fruit
21.945760755976465,83.43109191603855,8.035362554488103,187.3735548156945,Kiwi fruit
22.218281785388317,89.20636000662779,7.887779161430508,277.64680124666734,Kiwi fruit
22.110210752655462,82.44388129323542,6.02536942039106,292.8604743455283,Kiwi fruit
27.07611002556555,80.70776564804842,7.5182938432374,257.8518463391263,Leguminous
25.140326444668563,77.44553005397387,6.161512790306943,294.54791146305735,Leguminous
24.079052140907038,86.79308478391589,6.1546226036565175,198.17187772439559,Leguminous
21.09372717862782,86.01665898113389,8.122215319915558,237.28994273764243,Leguminous
26.237903842212948,80.76532557786203,6.2490068582206915,252.21680807345368,Leguminous
27.55060511484989,75.37790120938844,6.289742039554032,249.80839769054242,Leguminous
26.211982825502268,87.58495991577016,5.501960172283899,228.1754134906852,Leguminous
18.01565105191473,75.17126975181111,8.112007102376554,220.57012912395138,Leguminous
24.364013701834068,85.55549669443577,7.877784439627403,195.21888270605027,Leguminous
18.511353814421007,89.55385664589086,7.381986805272032,227.00909406747337,Leguminous
20.57607220333722,81.56491992222304,7.750797291816528,199.5192978126582,Lemons
18.59524700347772,78.5246010749393,5.956145702273475,268.1238811790662,Lemons
24.03795452949388,85.57306515065072,6.874970783762727,205.05971225935082,Lemons
24.86589913492607,87.25692213023379,6.553658162046343,187.02783663414402,Lemons
19.14487638065905,83.19645474116771,5.781329578771048,246.28393653806813,Lemons
21.838388830449794,89.5055291288422,6.958391455644772,251.4275679263282,Lemons
22.56236508955542,75.77503082486942,8.262218951027906,284.6295673536606,Lemons
21.69053021760916,82.57193397456794,5.620177357152084,249.23779349012185,Lemons
19.21025000485193,85.77680920983825,6.374382740481383,221.45770244681347,Lemons
22.189477901874753,87.93960706723769,6.122622808617112,276.36142578315844,Lemons
25.511780478084177,77.68883417861684,6.2144399609970895,244.83346718249047,Lentils
18.71007664533256,87.00005222645521,8.225303655638125,189.51363415574298,Lentils
18.801800140819033,83.29060613577819,6.90420716270287,247.90206723758962,Lentils
21.54771291835984,80.94830522984945,6.8988982388194575,288.96222545059953,Lentils
27.41725711618925,76.9757254286864,7.781726927365848,227.55751505978645,Lentils
24.68572646722914,87.97943638363368,5.9634766120147775,215.559096227976,Lentils
24.78669956672565,77.35909812269573,6.961796062300153,197.2163348421624,Lentils
21.619199908378647,79.64681788813648,6.789955642363179,198.1734626322429,Lentils
23.936607912085385,79.35068297943656,7.290732071639968,231.93257812101825,Lentils
18.101311840277432,88.07121051286282,8.498673109751316,251.48157889938355,Lentils
24.36096046409542,85.09054491313347,7.808346682246142,189.67384862035217,Lettuce and chicory
27.132869475762373,86.95022095787058,6.6935971090522814,292.74823068301987,Lettuce and chicory
24.125734683448197,78.75701848188748,7.982659156822141,270.6160340934236,Lettuce and chicory
26.736985934663448,84.37311149410499,6.012125089937442,250.39487019403958,Lettuce and chicory
25.239730554660934,83.57618974715623,5.59139105892688,279.41264051267893,Lettuce and chicory
19.205584164036907,87.49245565182406,6.113345117392819,189.62241081745358,Lettuce and chicory
27.024533072858414,88.59130590721891,6.521234668342779,237.2206653279749,Lettuce and chicory
18.664438443557753,75.1823515721608,7.031742272378678,255.61117522339958,Lettuce and chicory
23.33967472547764,85.11029878588191,7.3453874216236,279.43834873419473,Lettuce and chicory
19.421371237934576,75.77753698679594,8.231817151643266,274.0163472059121,Lettuce and chicory
18.11706610730904,83.23287997616032,7.029562028651372,213.24830996560797,Limes
22.220342601276393,79.31449093565517,7.003826933877188,292.9056203471045,Limes
20.950407076541566,79.60164899283211,5.6507290294689465,194.92150097170443,Limes
22.860004937976033,80.29437755178535,5.604734657968671,285.01603423453827,Limes
23.77199886734551,84.31938673574415,7.153479885749116,296.51282995255417,Limes
18.437390723089475,80.01074948503155,6.814535839745034,201.2584227867151,Limes
19.23003295123745,85.99048575885419,8.017541184940896,266.6479277044542,Limes
23.586423964504252,81.06791078360804,5.982038754135536,184.83426225335978,Limes
21.431673531726577,76.02529800464939,5.574914986351148,228.6507390166986,Limes
25.29173487549448,86.7563976372616,6.8471163037903775,241.95399590372088,Limes
24.5229164859194,79.28637486889059,6.212435670256772,249.6774271091561,Linseed
26.45604362989907,81.49150319398893,5.648843120016513,292.3124697898271,Linseed
24.924928266692252,85.28165824832854,7.673794860542888,260.67008247530345,Linseed
22.29931077390148,79.98684235723069,5.834778999871743,237.7533541463084,Linseed
24.729666223944324,75.84878484220074,7.324958500023315,277.16100435190674,Linseed
20.753811742554184,80.6088157051922,6.343149250500669,294.06393851452907,Linseed
21.063134987782128,89.16672874041456,6.0204881510650665,182.64793784187492,Linseed
25.88985159920793,84.62601595947838,6.639254568757952,297.9025526707246,Linseed
22.464195164015823,85.0721872300081,7.904337328668861,190.33585668764164,Linseed
25.98380340518353,84.48423230456459,6.676280730713718,277.7264135122514,Linseed
26.224223736682788,77.98488208439157,7.752308947633168,213.64017030616952,Mandarins
26.57562337661284,81.2750079615342,5.876458890397452,195.86155893046458,Mandarins
27.166352358412077,86.26409697544977,7.818314258995238,232.78267676566017,Mandarins
22.309852205132962,76.52059346329739,6.210799974719946,257.2747895337136,Mandarins
21.188668183211387,79.16779164134569,7.5321793896666165,225.714221402817,Mandarins
23.821987465941138,79.14478662698781,7.197344664522989,186.54784899392388,Mandarins
21.711724234376284,81.48028391391759,8.287434151635061,251.93533675904598,Mandarins
24.01074166800233,89.70553111413278,6.661967553925942,288.288393133281,Mandarins
25.055858626438244,76.01253820025731,5.698495566503321,225.9858439136702,Mandarins
24.88405018492137,82.78051491570892,5.557466456653758,205.95993331569923,Mandarins
21.745528870201213,77.69047023018315,7.980575682918259,233.10928151193784,Melons
19.668602016987528,89.56014818114616,7.074206912984296,185.80352532585368,Melons
22.305293384622072,76.69955257091195,7.825732155504848,278.45851013763297,Melons
19.425941440819088,81.05401503542387,6.203276800034544,279.1608973140224,Melons
26.900970351838087,86.06827477251909,6.535251236539701,250.5600556115554,Melons
21.458774607378565,85.56831642041169,5.590311616633958,222.37234667260674,Melons
19.54459747223324,81.34092955340898,8.384476973722336,275.974003733494,Melons
18.254477599057513,80.19786251929078,7.50360372010244,246.56244297460412,Melons
24.458223862864838,80.96418567829306,8.299615263277918,279.111877026002,Melons
24.369023174547433,78.96414394737958,6.296489222287217,255.77505510996247,Melons
21.40604166581292,78.07999408060199,7.3343908336769825,274.1286567855357,Mushrooms and truffles
18.717118888476513,82.24559546338334,7.5354999048779145,251.82755918613117,Mushrooms and truffles
22.09628894895232,79.02800634101409,6.452649100772764,229.69692818587998,Mushrooms and truffles
21.112174950633932,79.31192497345877,8.04432770504689,294.9535031911365,Mushrooms and truffles
24.771206397350092,84.85134095211836,8.341484388700744,244.9336589854614,Mushrooms and truffles
24.057792494526907,89.52805997549837,8.154565353088014,252.61074222486462,Mushrooms and truffles
21.6459372819754,84.05455800839063,7.717200927818117,206.4585167297699,Mushrooms and truffles
20.178925542549898,76.1546920059745,6.332394039174862,255.07809473127318,Mushrooms and truffles
27.880359661555918,76.13375420781101,6.3448481263168945,248.59291793795327,Mushrooms and truffles
22.54001621196115,89.27134831268349,8.390080961338114,202.180607753643,Mushrooms and truffles
24.88274235780237,79.45936185461001,5.530853487807076,187.15045168237725,Nuts nes
19.40552967578361,76.38100479123713,7.648149919726434,252.5231183657725,Nuts nes
22.855896996593977,83.98566880725572,7.6187384876657855,271.64307232203845,Nuts nes
18.275367198694656,84.35473167435399,7.368068622849393,242.80816451064098,Nuts nes
23.0545511791045,84.72757230178033,8.470326538260599,207.21271503835752,Nuts nes
27.64017407117702,79.01103041786313,6.4356383072911765,259.9826372031642,Nuts nes
21.842067129858,75.22666026321713,6.5199155913797435,189.61268719315228,Nuts nes
18.38996012574912,89.47523054181707,5.736818208839668,233.02004457623454,Nuts nes
18.30955790919344,78.76339568536653,6.828394409631213,199.6040110078104,Nuts nes
21.879867599468692,85.14039432078822,6.283145578704544,202.135086127186,Nuts nes
19.600249364631946,85.59944804818066,6.530160106532932,204.27527389898444,Oats
18.233520963281862,84.15011125619229,8.003715370766884,226.40484684527732,Oats
25.562136139501767,79.69361091320472,8.306453540582488,186.13802467444768,Oats
22.585230088818914,79.06644380646098,6.057199216015557,227.73521291149174,Oats
20.892447719726547,83.96502424054054,6.617526794660398,241.40489365376408,Oats
27.00083183016481,87.99143450417537,8.285891686346183,237.99531419595903,Oats
19.161389602005254,89.20100593385094,5.685425382067669,225.93409204836487,Oats
27.55918828955319,76.58858706605636,5.7770815843341365,280.6975929684903,Oats
21.139667173773528,77.3224291889658,5.988372967618687,197.43920309046052,Oats
26.884036723086812,89.1710438817462,7.285638502380625,240.68360925376487,Oats
24.029428764794613,86.04802842502188,5.9514168130179925,187.44497003478648,Oilcrops
26.267073597414875,88.24490737244659,8.4042291443522,188.53868146534919,Oilcrops
27.840131632104644,78.03948951203014,6.8401435817755605,248.86390196125157,Oilcrops
20.884054378187454,83.81378806664101,7.0045538810505,247.92221098653846,Oilcrops
27.611354854075927,85.5170939162621,6.239975847416218,285.36402154133486,Oilcrops
21.8948189490242,85.2016782817046,6.912880757304201,246.9448410792088,Oilcrops
21.855119047369218,81.12227536300047,7.485740897911033,295.1749224485821,Oilcrops
21.403871042545052,75.23092337536963,7.753531410862127,185.8433818079916,Oilcrops
23.41407607347585,83.74389085206394,7.761604248129738,191.7609221736889,Oilcrops
19.54145043178487,78.79652308769413,7.233673338082265,185.28790338844573,Oilcrops
23.537114853580114,81.75381369214334,8.213079324981571,202.2332220400248,Olives
23.41704812410004,89.36371522625727,7.952223541918326,244.95241331300141,Olives
25.619018126048697,80.98552976463651,7.771144344095878,257.4686617712913,Olives
26.336499619375854,87.59702409996642,5.6668165650413815,185.47021895384026,Olives
22.404413503124236,77.82810908623877,5.520633886658949,293.5165067814719,Olives
21.023332493514932,85.08690747037544,6.1373418315864186,281.0598451980457,Olives
20.593348973170947,89.65510431658414,7.490570781740358,215.5934978588512,Olives
19.946238367048718,76.52839651309404,6.733592466647638,189.26250362717616,Olives
18.57647582199025,75.12479913340788,6.707218777897936,200.38644878628688,Olives
21.42447978834713,81.50374188948922,8.153760664688841,195.23332965059674,Olives
20.702476921307834,76.3893822457705,8.186688544395517,194.79405351587363,Onions
27.664173858664068,86.22576524514345,8.227525792160758,242.22740263988808,Onions
23.577088262500443,88.71822995772837,6.441634229545082,209.50169309920804,Onions
21.47277039030508,81.51031459063137,7.573167438217785,222.9767659834973,Onions
23.804676009936962,78.88067463233163,6.314899543823109,298.7406400061187,Onions
19.391967013456963,81.51604978509914,6.071829499223349,262.11770987104137,Onions
22.440437492022028,85.85171726775002,6.053897372042107,293.8776800456401,Onions
24.262343214210638,75.13581242370556,6.526322862590782,197.10678660397392,Onions
22.888978317924515,83.84180984227045,6.789872859339465,225.8567369799083,Onions
22.017788006543242,84.1993752733107,7.992847513165206,246.56781639388248,Onions
27.938483888996984,84.56532370343903,5.8596732804181375,189.21096742664852,Oranges
26.803147621489266,78.63033119971315,7.704777542184683,180.50249323535493,Oranges
24.2340595815944,85.7107908506719,7.094364742567916,260.45212005563013,Oranges
23.69377361182283,76.37087229497665,6.363836028027978,257.01834201617226,Oranges
24.20660479824584,77.98905504700203,6.978458753598473,229.29465719995343,Oranges
20.013121078224334,88.16205069981724,6.399826209331068,238.75728912384392,Oranges
21.951377432643184,86.0808472608985,7.288245865714918,229.85316007105075,Oranges
18.394595328908988,75.20618331017019,6.801531768565733,182.88060538138663,Oranges
22.755460374868267,78.725643905547,5.9932165872366365,220.2445927460955,Oranges
23.43024583957663,78.21609724489747,5.84974922366709,201.24987064767484,Oranges
20.277497361032093,79.06209492055459,7.14008704621639,191.81090269216426,Papayas
27.64028847165514,78.7133965541983,8.20723909985831,294.806452066722,Papayas
27.09454610937242,75.93789443614268,6.531873059673058,251.9231670050599,Papayas
25.22143235455906,81.88410774895229,7.699000321667869,267.43875410839235,Papayas
23.333866287653628,85.99100212179249,7.4759840648193014,217.84364919193408,Papayas
26.69969159647685,84.10097587076154,8.294664742928443,227.17765553928186,Papayas
19.30652343823463,85.0930750289712,7.9629430518974225,208.43087926760685,Papayas
25.905097942748853,76.21723767804359,7.199815776716388,191.63588051585097,Papayas
19.248208139668485,89.27236065265181,7.471091494702322,201.48379649299002,Papayas
25.942106625494056,87.57737750764538,8.195159399752104,275.70168543557827,Papayas
20.757675682513565,87.07635477743494,6.6985563537608055,261.3054966220531,Peaches and nectarines
26.77090581018189,87.3447570756265,6.480384117573331,245.63146511825718,Peaches and nectarines
27.44042093825398,88.99065762199143,5.532433250905589,237.01078474401214,Peaches and nectarines
19.48795969405116,83.16380949170545,7.979653222574393,290.69211403873487,Peaches and nectarines
22.62675605065393,78.00423026801437,7.902942101210095,188.72819373344018,Peaches and nectarines
27.809873781626855,84.25175411778812,5.813363554300453,213.67209758854992,Peaches and nectarines
22.83407435973147,86.14322240501909,7.230572143398101,221.99254242848568,Peaches and nectarines
26.63547522514545,86.06876090031038,6.891945094500662,273.89109746553453,Peaches and nectarines
23.8873152213132,82.8217353625032,5.856127286527334,299.1017544194366,Peaches and nectarines
21.75329907919602,76.02688079000367,8.44170468118217,208.88046177085843,Peaches and nectarines
20.857835555258703,80.56669407645192,6.144087662390066,284.9168800964497,Pears
20.03223091086087,88.81149912695038,5.7017025402716826,279.67473125181493,Pears
25.61798191377697,83.76673364636139,7.284542138505728,206.95888771701198,Pears
21.86540506823028,83.07497914883571,7.716600031399097,227.91990962390668,Pears
23.112754622007515,79.03280271573291,5.59733033814156,229.1607443151023,Pears
22.923254800011822,80.52673379874868,7.476152916181066,297.386480223187,Pears
23.772790292331308,88.43019133729756,7.096875627854363,201.7070281654678,Pears
26.65577145624552,84.99694571290253,5.809795026625144,275.89895653257383,Pears
27.80739343583429,86.810805401285,6.017571630839085,220.1031257007732,Pears
22.075842085738174,81.81518134601481,7.203922891948242,267.70444149313926,Pears
26.275189221063034,84.45370829184236,6.389072840539866,230.40132051547954,Peas
25.64527794654717,78.72575413114811,8.314947185953947,249.4031715739848,Peas
23.73528951455573,85.5819124542523,7.956220688452152,279.9134127991357,Peas
27.56047143611933,81.41402000555006,8.450701619540991,276.4998677980661,Peas
20.004745155284027,81.63818272222119,6.2790125168512425,283.97078202476405,Peas
19.09264210309621,84.73983486865322,8.409170898393931,187.1540790413591,Peas
26.53961966955422,89.04420932203391,6.793701609374673,263.0460663647694,Peas
22.391498166337485,75.96009519912931,6.542556385941263,196.79848520661156,Peas
26.469688542070607,87.37114856020511,5.65104858090806,229.8982281622093,Peas
26.93090205195415,79.3857466561829,5.658295773578807,245.83060980656262,Peas
18.62457593619072,81.65879181759567,7.576033767839964,228.32873816961967,Pistachios
26.834647629860605,75.32869993162514,6.873786983302084,242.3534010963609,Pistachios
22.483190553694218,79.51569116751469,6.179564878108318,299.5831570558343,Pistachios
23.10432489004232,82.53946863945195,7.341910918975698,196.22607764554257,Pistachios
24.265925110932105,75.84264116021158,6.258574354750332,261.05472544037104,Pistachios
27.263826067300872,82.36643594074748,7.232895263033267,227.52011596627383,Pistachios
18.19116094429764,88.90665943287641,6.577626240948072,195.96117586887942,Pistachios
22.76843468317817,76.58089827161706,7.970656679835456,199.04841160491713,Pistachios
24.877220424305605,86.46661092113257,7.962088482300338,293.912772749474,Pistachios
25.227069576982284,81.14506580063988,6.9320511943672045,285.55217960541137,Pistachios
24.92532431537108,84.82760571786507,6.552457328005048,288.8450352498026,Plums and sloes
19.344351294081214,78.90354896977843,6.587679389677284,298.9839330992864,Plums and sloes
20.99395588371681,77.39238393812037,7.917143577004652,204.99784680102212,Plums and sloes
21.58715525417013,77.4069392140684,6.484538448392835,222.6527204836874,Plums and sloes
26.04437207679505,76.05737918464717,6.127178121120537,260.306283590984,Plums and sloes
20.78759872414553,77.78470057351866,5.754065025625922,238.05630478327762,Plums and sloes
20.10704963867203,84.96329077483452,6.900079362653225,230.20674400540005,Plums and sloes
27.57448019038096,88.22535917765262,6.946396296759525,222.93734992027117,Plums and sloes
18.08863285113469,87.21188528386743,8.02272613120872,251.25367583321426,Plums and sloes
27.978208556819784,85.27701464811726,6.163716089338193,249.07121143680985,Plums and sloes
24.76821298857396,76.65647795116655,6.642973821005199,199.3749400877088,Potatoes
26.284692994491174,79.33781169443925,7.925217216681073,236.60878050221268,Potatoes
20.94619396346193,79.64710312983702,7.97087083224692,246.416613145182,Potatoes
18.1431527766706,78.7493541959643,6.653833227936305,248.43443264776687,Potatoes
25.3786951856153,82.72508489564585,6.8773720698600425,205.21286314948222,Potatoes
26.341445970006763,83.0333072231951,6.409857672547848,269.07256707027443,Potatoes
25.404761319535194,80.35328962756665,8.297664635257936,183.02389137852842,Potatoes
19.428502873008387,80.30683738104653,5.855931297224741,222.57982266517948,Potatoes
25.53427922256969,87.42833396859122,8.301248269004411,273.625517824276,Potatoes
25.68922782107641,86.8393927247953,7.551599355506029,247.66715052664833,Potatoes
24.58540515670055,79.61693747521119,7.094716458060192,211.33949190130326,Pulses
25.66115932795586,88.70682665809889,5.597977182353487,263.39437432116574,Pulses
26.45921439677732,89.2922252550376,6.926788575466025,248.08691329872883,Pulses
24.136041142374587,79.90113813045062,6.723244315008197,275.5492331347665,Pulses
18.886047139696792,80.31637423189581,5.983656435925367,268.2030223427788,Pulses
22.87627809667211,82.58451230132937,7.4692288105019715,253.2129506443481,Pulses
18.77649334671605,89.11681218800508,8.413452722104857,238.58132103729767,Pulses
22.075430310324307,88.14479149713469,7.186566433193575,195.9818550801028,Pulses
22.07106489125628,76.53851943875384,7.644259829331838,211.35996214624612,Pulses
18.660098441402415,80.89096114907126,5.705351357698049,230.29193675005024,Pulses
21.488205339694794,83.30056784624658,6.753000987450983,251.91591444076664,Pulses nes
19.109980987913147,82.5469870882731,5.849075455493487,241.64494262583656,Pulses nes
26.082352100092226,77.90794601905337,7.338387506609531,214.58214311514354,Pulses nes
27.47688025964471,87.88225156752232,8.315446474642464,180.77572293476527,Pulses nes
18.723164752579386,85.15411174495256,7.485333197414915,239.54870662809768,Pulses nes
27.551152072917013,87.56862562277705,5.7304091449432635,214.27511862746917,Pulses nes
23.22576599336745,87.88146419024208,6.563998614955247,268.1529960852642,Pulses nes
20.995656779538734,86.2253378049861,7.151990138322555,182.873551832458,Pulses nes
18.768620752761635,81.58815901874577,6.709623268399756,250.1793373566949,Pulses nes
23.006242680704172,84.15820132523137,8.000932031425517,292.9769085007278,Pulses nes
25.945155444907485,77.40548109179616,7.944013014129967,200.92911205337998,Pumpkins
25.07086477266698,85.10468126212362,7.335493060309664,236.59793889007145,Pumpkins
18.50226011463974,77.6887988360892,6.620373835398116,190.97063901805657,Pumpkins
18.729018353679034,85.40924385765236,6.266009121289732,255.0818294713623,Pumpkins
22.02873282632637,78.44397241130953,5.817622954639387,246.06380167154708,Pumpkins
20.952904940479428,76.7632695022533,6.564693050459662,228.88386290553984,Pumpkins
20.32384323056048,77.47926735214436,6.73951755162316,242.565242576849,Pumpkins
20.81004498908713,75.02988202828605,7.5274687753122205,287.58895901628125,Pumpkins
26.03482743296885,85.78109426780296,7.474479472892719,203.55531627732805,Pumpkins
27.29228053631854,85.98601573587568,5.710324418923771,182.7077414046417,Pumpkins
22.051026945275666,82.72400024869889,6.685777946293474,283.39978616389214,Pyrethrum
27.061110021324968,77.42044201583076,6.045336601652084,249.2540498865488,Pyrethrum
21.21495701247882,76.25331506266033,5.970438115950418,286.87901465542114,Pyrethrum
22.76436986343792,75.28693449655931,7.9819064492117375,251.63342680958075,Pyrethrum
20.26028997816,77.48622265447831,5.625745650148772,277.2193307951643,Pyrethrum
24.404760421758443,88.3628330247472,6.757548627706363,231.5608036026177,Pyrethrum
27.78981115174809,78.62305262552523,6.004610967299555,269.98319175459227,Pyrethrum
24.034930960433787,80.31406990825823,8.137990647035423,289.5649760267827,Pyrethrum
21.578140841135486,76.58018226722,7.171121539825106,248.65475564666474,Pyrethrum
24.478174459905286,78.33541957122256,6.194141909130543,201.6942180674856,Pyrethrum
19.22920678465388,82.78836856170308,7.007281861499128,212.25571380362382,Quinces
26.886590802653984,84.11629024643479,7.694459079109348,203.83734922768866,Quinces
23.03083950779836,78.68028471249315,8.3743540267583,209.62284331148797,Quinces
22.493497420396423,75.86598238837676,6.161338012736257,216.76985392212435,Quinces
23.858647884535195,80.86549303691098,8.158545316388036,246.61605441038262,Quinces
24.247838627894026,78.51305056389499,8.30291234250247,250.55899553566,Quinces
18.71775806226513,78.29330884844703,8.249261633596197,231.17996966902334,Quinces
24.826172212234024,89.3979420407018,7.406243070585729,253.85049357850025,Quinces
20.419316803155297,84.24450728888586,7.389461963304122,189.78899107336392,Quinces
25.139526325065894,83.35317664758144,6.709631899551468,190.53458844697917,Quinces
26.225347943841967,81.23662655284983,7.757193646911364,200.61953524291906,Rapeseed
26.039585075525203,81.43416500145216,7.093882055052795,242.16929976484138,Rapeseed
23.525009674078888,83.1135750575712,7.5323142136848835,205.6793614437976,Rapeseed
23.20169892310751,85.44644710554161,6.785373711546386,213.99412841910927,Rapeseed
19.42875961339412,85.53219144272744,7.694489392129418,228.03754034075928,Rapeseed
25.753461504031357,77.57540861558175,7.973414552813648,277.4239348812456,Rapeseed
20.714093804467144,82.5016912811494,5.9393087698084495,181.6634563095432,Rapeseed
22.966954228179468,81.17937142551153,7.998789146722684,257.9254584283947,Rapeseed
20.842740929275166,88.05790449404076,7.1208895953709215,260.26518372488226,Rapeseed
19.33828362999693,84.47128381827565,8.033997727270672,275.8386936427964,Rapeseed
24.566999999999997,81.234,5.678,186.78900000000002,Tobacco
25.678,82.345,5.789,187.89,Tobacco
26.789,83.456,5.89,188.90099999999998,Tobacco
27.89,84.56700000000001,5.901,189.012,Tobacco
28.901,85.678,6.0120000000000005,190.123,Tobacco
26.566999999999997,81.789,6.234,195.678,Tomatoes
27.678,82.89,6.345,196.78900000000002,Tomatoes
28.789,83.90100000000001,6.456,197.89,Tomatoes
29.89,84.012,6.567,198.90099999999998,Tomatoes
30.901,85.12299999999999,6.678,199.012,Tomatoes
22.566999999999997,83.789,7.678,201.234,Treenuts
23.678,84.89,7.789,202.345,Treenuts
24.789,85.90100000000001,7.89,203.456,Treenuts
25.89,86.012,8.012,204.567,Treenuts
26.901,87.12299999999999,8.123,205.678,Treenuts
26.566999999999997,80.789,5.789,183.234,Triticale
27.678,81.89,5.89,184.345,Triticale
28.789,82.90100000000001,5.901,185.456,Triticale
29.89,83.012,6.0120000000000005,186.567,Triticale
30.901,84.12299999999999,6.122999999999999,187.678,Triticale
25.566999999999997,82.789,5.789,196.234,Tubers
26.678,83.89,5.89,197.345,Tubers
27.789,84.90100000000001,5.901,198.456,Tubers
28.89,85.012,6.0120000000000005,199.567,Tubers
29.901,86.12299999999999,6.122999999999999,200.678,Tubers
26.566999999999997,81.789,6.567,224.234,Vegetables
27.678,82.89,6.678,225.345,Vegetables
28.789,83.90100000000001,6.789,226.456,Vegetables
29.89,84.012,6.89,227.567,Vegetables
30.901,85.12299999999999,7.0120000000000005,228.678,Vegetables
26.566999999999997,84.789,6.234,187.234,Vegetables Primary
27.678,85.89,6.345,188.345,Vegetables Primary
28.789,86.90100000000001,6.456,189.456,Vegetables Primary
29.89,87.012,6.567,190.567,Vegetables Primary
30.901,88.12299999999999,6.678,191.678,Vegetables Primary
25.566999999999997,80.789,5.567,221.234,Vetches
26.678,81.89,5.678,222.345,Vetches
27.789,82.90100000000001,5.789,223.456,Vetches
28.89,83.012,5.89,224.567,Vetches
29.901,84.12299999999999,6.0120000000000005,225.678,Vetches
22.566999999999997,83.789,6.567,232.234,Watermelons
23.678,84.89,6.678,233.345,Watermelons
24.789,85.90100000000001,6.789,234.456,Watermelons
25.89,86.012,6.89,235.567,Watermelons
26.901,87.12299999999999,7.0120000000000005,236.678,Watermelons
23.566999999999997,81.789,5.234,243.234,Wheat
24.678,82.89,5.345,244.345,Wheat
25.789,83.90100000000001,5.456,245.456,Wheat
26.89,84.012,5.567,246.567,Wheat
27.901,85.12299999999999,5.678,247.678,Wheat
25.566999999999997,81.789,5.789,183.234,tropical Fruit
26.678,82.89,5.89,184.345,tropical Fruit
27.789,83.90100000000001,5.901,185.456,tropical Fruit
28.89,84.012,6.0120000000000005,186.567,tropical Fruit
29.901,85.12299999999999,6.122999999999999,187.678,tropical Fruit
